,Наименование,Магазин № 3,Магазин № 4,Магазин № 5,Магазин № 6,Магазин № 7,Магазин № 8,Магазин № 9
0,"Меновазин, раствор для наружного применения спиртовой, 40 мл, 1 шт.",,,41.0,35.0,,36.0,
1,"Супрастин, 25 мг, таблетки, 20 шт.",158.0,159.0,,,159.0,159.0,159.0
2,"Акридерм, 0.05%, мазь для наружного применения, 15 г, 1 шт.",98.0,98.0,98.0,98.0,,98.0,98.0
3,"Ацикловир-Акрихин, 200 мг, таблетки, 20 шт.",103.0,,,,,103.0,103.0
4,"Синафлан-Акрихин, 0.025%, мазь для наружного применения, 10 г, 1 шт.",108.0,108.0,115.0,,,108.0,
5,"Ацикловир-Акрихин, 400 мг, таблетки, 20 шт.",,342.0,370.0,357.0,370.0,370.0,
6,"Цетрин, 10 мг, таблетки, покрытые пленочной оболочкой, 20 шт.",167.0,167.0,,,167.0,,167.0
7,"Комфодерм K, 0.1%, крем для наружного применения, 30 г, 1 шт.",961.0,961.0,961.0,,961.0,915.0,915.0
8,"Акридерм ГК, крем для наружного применения, 30 г, 1 шт.",,1344.0,1344.0,1344.0,1344.0,1280.0,1275.0
9,"Акридерм, 0.05%, мазь для наружного применения, 30 г, 1 шт.",147.0,147.0,147.0,147.0,,147.0,147.0
10,"Клотримазол-Акрихин, 1%, мазь для наружного применения, 20 г, 1 шт.",,220.0,226.0,226.0,226.0,,220.0
11,"Комфодерм K, 0.1%, крем для наружного применения, 15 г, 1 шт.",636.0,635.0,668.0,636.0,636.0,636.0,668.0
12,"Акридерм ГК, мазь для наружного применения, 15 г, 1 шт.",,928.0,915.0,928.0,928.0,915.0,928.0
13,"Диазолин, 100 мг, таблетки, 10 шт.",121.0,,102.0,,,,102.0
14,"Экзодерил, 1%, раствор для наружного применения, 20 мл, 1 шт.",1330.0,,1360.0,,1318.0,1331.0,1333.0
15,"Флюкостат, 150 мг, капсулы, противогрибковое средство от молочницы, 1 шт.",,178.0,,,,,
16,"Акридерм СК, мазь для наружного применения, 30 г, 1 шт.",655.0,656.0,656.0,656.0,656.0,656.0,625.0
17,"Акридерм СК, мазь для наружного применения, 15 г, 1 шт.",,391.0,411.0,411.0,,386.0,390.0
18,"Акридерм Гента, 0.05%+0.1%, крем для наружного применения, 30 г, 1 шт.",641.0,611.0,641.0,611.0,,611.0,590.0
19,"Димедрол, 50 мг, таблетки, 20 шт.",,,34.0,,36.0,,
20,"Лоратадин-Акрихин, 10 мг, таблетки, 30 шт.",,,328.0,,,328.0,327.0
21,"Кандидерм, крем для наружного применения, 30 г, 1 шт.",,1383.0,1532.0,1372.0,1463.0,1455.0,1448.0
22,"Пирантел, 250 мг, таблетки, 3 шт.",,,,,,46.0,
23,"Череды трава, сырье растительное-порошок, 1.5 г, 20 шт.",,,,177.0,144.0,,
24,"Микозорал, 2%, мазь для наружного применения, 15 г, 1 шт.",,431.0,431.0,431.0,,431.0,
25,"Зодак, 10 мг, таблетки, покрытые пленочной оболочкой, 10 шт.",124.0,118.0,,117.0,,,
26,"Акридерм ГК, мазь для наружного применения, 30 г, 1 шт.",,1331.0,1344.0,1344.0,1280.0,1344.0,1344.0
27,"Акридерм ГК, крем для наружного применения, 15 г, 1 шт.",,,928.0,928.0,,928.0,915.0
28,"Акридерм Гента, крем для наружного применения, 15 г, 1 шт.",442.0,472.0,472.0,472.0,,442.0,472.0
29,"Диазолин, 50 мг, таблетки, 10 шт.",78.0,,74.0,92.0,,74.0,74.0
30,"Итраконазол, 100 мг, капсулы, 15 шт.",819.0,,,829.0,824.0,,883.0
31,"Экзодерил, 1%, крем для наружного применения, 30 г, 1 шт.",978.0,984.0,975.0,,1001.0,986.0,
32,"Экзодерил, 1%, раствор для наружного применения, 10 мл, 1 шт.",782.0,742.0,735.0,,740.0,742.0,
33,"Цетрин, 10 мг, таблетки, покрытые пленочной оболочкой, 30 шт.",,246.0,,,,250.0,
34,"Флуконазол, 50 мг, капсулы, 7 шт.",63.0,,,,,62.0,
35,"Флуконазол, 150 мг, капсулы, 2 шт.",58.0,,,,,,
36,"Комфодерм, 0.1%, мазь для наружного применения, 30 г, 1 шт.",868.0,,868.0,827.0,868.0,827.0,
37,"Кандидерм, крем для наружного применения, 15 г, 1 шт.",,869.0,933.0,,914.0,921.0,953.0
38,"Зодак, 10 мг, таблетки, покрытые пленочной оболочкой, 30 шт.",311.0,348.0,,318.0,,,345.0
39,"Акридерм Гента, мазь для наружного применения, 15 г, 1 шт.",,436.0,472.0,,,,442.0
40,"Акридерм, 0.05%, крем для наружного применения, 30 г, 1 шт.",166.0,164.0,,,,,164.0
41,"Эриус, 5 мг, таблетки, покрытые пленочной оболочкой, 10 шт.",921.0,,924.0,918.0,,922.0,
42,"Валацикловир Канон, 500 мг, таблетки, покрытые пленочной оболочкой, 10 шт.",476.0,474.0,,474.0,,473.0,480.0
43,"Цетиризин, 10 мг, таблетки, покрытые пленочной оболочкой, 10 шт.",,67.0,,,63.0,62.0,
44,"Триакорт, 0.1%, мазь для наружного применения, 10 г, 1 шт.",,180.0,180.0,,,,
45,"Зиртек, 10 мг, таблетки, покрытые пленочной оболочкой, 20 шт.",275.0,275.0,,,275.0,275.0,
46,"Экзодерил, 1%, крем для наружного применения, 15 г, 1 шт.",,616.0,649.0,,,618.0,
47,"Цинокап, 0.2%, крем для наружного применения, с Д-пантенолом при дерматите, псориазе, 25 г, 1 шт.",,615.0,604.0,622.0,,,
48,"Супрастинекс, 5 мг/мл, капли для приема внутрь, 20 мл, 1 шт.",454.0,461.0,486.0,478.0,460.0,,
49,"Ксизал (капли), 5 мг/мл, капли для приема внутрь, 10 мл, 1 шт.",,,613.0,,601.0,583.0,
50,"Комфодерм, 0.1%, мазь для наружного применения, 15 г, 1 шт.",,,579.0,,579.0,,579.0
51,"Комфодерм М2, 0.1%+2%, крем для наружного применения, 30 г, 1 шт.",,903.0,940.0,921.0,912.0,,887.0
52,"Кандид Б, 1%, крем для наружного применения, 15 г, 1 шт.",,,,,945.0,962.0,
53,"Зовиракс, 5%, крем для наружного применения, 5 г, 1 шт.",,209.0,,,213.0,,215.0
54,"Акридерм Гента, 0.05%+0.1%, мазь для наружного применения, 30 г, 1 шт.",,610.0,641.0,641.0,,641.0,611.0
55,"Троксевазин, 2%, гель для наружного применения, 40 г, 1 шт.",469.0,459.0,,488.0,,,
56,"Мометазон-Акрихин, 0.1%, крем для наружного применения, 30 г, 1 шт.",,183.0,183.0,183.0,,,
57,"Флуконазол, 150 мг, капсулы, 4 шт.",147.0,,,,,,
58,"Дермовейт, 0.5 мг/г, крем для наружного применения, 25 г, 1 шт.",,915.0,,851.0,,,819.0
59,"Постеризан форте, суппозитории ректальные, 10 шт.",790.0,750.0,,,766.0,,
60,"Элидел, 1%, крем для наружного применения, 15 г, 1 шт.",1030.0,1079.0,,,1079.0,,
61,"Чистотела трава, сырье растительное-порошок, 1.5 г, 20 шт.",154.0,126.0,,,132.0,,
62,"Флуконазол-Тева, 150 мг, капсулы, 1 шт.",166.0,,,,,,
63,"Тридерм, 0.5 мг/г+1 мг/г+10 мг/г, мазь для наружного применения, 15 г, 1 шт.",1251.0,1250.0,,,,,
64,"Термикон, 1%, спрей для наружного применения, спрей противогрибковый, 30 г, 1 шт.",,,,604.0,,,610.0
65,"Термикон, 1%, крем для наружного применения, противогрибковый, 15 г, 1 шт.",468.0,,,470.0,,470.0,
66,"Супрастинекс, 5 мг, таблетки, покрытые пленочной оболочкой, 7 шт.",411.0,411.0,,,,391.0,
67,"Ксизал, 5 мг, таблетки, покрытые пленочной оболочкой, 14 шт.",821.0,760.0,,760.0,,,
68,"Кестин, 20 мг, таблетки лиофилизированные, 10 шт.",,,,773.0,,,896.0
69,"Залаин, 2%, крем для наружного применения, 20 г, 1 шт.",,878.0,,,916.0,,
70,"Дайвонекс, 50 мкг/г, мазь для наружного применения, 30 г, 1 шт.",1552.0,,,1579.0,,,
71,"Ацикловир Сандоз (крем), 5%, крем для наружного применения, 2 г, 1 шт.",,,,,86.0,,
72,"Тербикс, 10 мг/г, спрей для наружного применения, 30 г, 1 шт.",306.0,,,307.0,270.0,,
73,"Салициловая мазь, 2%, мазь для наружного применения, 25 г, 1 шт.",,,,39.0,,,
74,"Фторокорт, 0.1%, мазь для наружного применения, 15 г, 1 шт.",,619.0,,471.0,496.0,,
75,"Кловейт, 0.05%, крем для наружного применения, 25 г, 1 шт.",,,,602.0,,575.0,
76,"Целестодерм-В с гарамицином, крем для наружного применения, 30 г, 1 шт.",,927.0,,,,,
77,"Белосалик лосьон, раствор для наружного применения, с насадкой-распылителем, 20 мл, 1 шт.",521.0,,,,,,535.0
78,"Череды трава, сырье растительное измельченное, 50 г, 1 шт.",,,,178.0,,,
79,"Цинокап, 0.2%, крем для наружного применения, с Д-пантенолом при дерматите, псориазе, 50 г, 1 шт.",,,917.0,977.0,,,
80,"Флюкостат, 50 мг, капсулы, противогрибковое средство от молочницы, 7 шт.",,,421.0,,,,421.0
81,"Флуконазол-Тева, 50 мг, капсулы, 7 шт.",428.0,,,,,419.0,
82,"Фенкарол, 10 мг, таблетки, 20 шт.",790.0,,780.0,787.0,,,
83,"Фенистил (капли), 1 мг/мл, капли для приема внутрь, 20 мл, 1 шт.",661.0,664.0,,,,,
84,"Скин-кап, 0.2%, крем для наружного применения, 50 г, 1 шт.",,,,3838.0,,,
85,"Скин-кап, 0.2%, крем для наружного применения, 15 г, 1 шт.",,,2023.0,2030.0,,,
86,"Радевит Актив, мазь для наружного применения, 35 г, 1 шт.",632.0,,603.0,,,,
87,"Ксизал, 5 мг, таблетки, покрытые пленочной оболочкой, 10 шт.",,602.0,,,,,
88,"Клотримазол-Тева, 1%, крем для наружного применения, 30 г, 1 шт.",440.0,,,439.0,,,
89,"Кларитин, 10 мг, таблетки, 10 шт.",,154.0,,,154.0,,
90,"Кандид, 1%, крем для наружного применения, 20 г, 1 шт.",597.0,,,561.0,,,
91,"Дипросалик, мазь для наружного применения, 30 г, 1 шт.",,,,1119.0,,,
92,"Дермовейт, 0.5 мг/г, мазь для наружного применения, 25 г, 1 шт.",,855.0,877.0,,,,
93,"Дайвобет, мазь для наружного применения, 15 г, 1 шт.",,,1675.0,,1653.0,,
94,"Белосалик лосьон, раствор для наружного применения, с насадкой-распылителем, 50 мл, 1 шт.",925.0,,,859.0,,,877.0
95,"Серная мазь простая, мазь для наружного применения, 30 г, 1 шт.",,179.0,,157.0,,,
96,"Дайвобет, мазь для наружного применения, 30 г, 1 шт.",,,2425.0,,2425.0,,
97,"Видестим, 0.5%, мазь для наружного применения, 35 г, 1 шт.",,,,,257.0,,
98,"Ацикловир Сандоз, 200 мг, таблетки, 25 шт.",,244.0,,,,,254.0
99,"Белосалик, мазь для наружного применения, 15 г, 1 шт.",442.0,445.0,,,,,
100,"Элидел, 1%, крем для наружного применения, 30 г, 1 шт.",1652.0,,,,,,
101,"Преднизолон (мазь), 5 мг/г, мазь для наружного применения, 10 г, 1 шт.",32.0,,15.0,32.0,,,
102,"Белодерм, 0.05%, мазь для наружного применения, 15 г, 1 шт.",,106.0,,,,,
103,"Экзифин, 1%, крем для наружного применения, 10 г, 1 шт.",,299.0,,301.0,,,
104,"Флуцинар, 0.025%, гель для наружного применения, 15 г, 1 шт.",,453.0,,,,,
105,"Прополис, мазь для наружного применения гомеопатическая, 30 г, 1 шт.",,,173.0,,,,
106,"Кандид, 1%, порошок для наружного применения, 30 г, 1 шт.",,615.0,,,,,
107,"Белодерм Экспресс, 0.05%, спрей для наружного применения, 50 мл, 1 шт.",,830.0,,,,,
108,"Экзодерил, 1%, раствор для наружного применения, 30 мл, 1 шт.",,1694.0,1694.0,,,,
109,"Цинокап, 0.2%, аэрозоль для наружного применения, от перхоти (дерматита, псориаза), 58 г, 1 шт.",,1302.0,,,,,
110,"Целестодерм-В, 0.1%, крем для наружного применения, 30 г, 1 шт.",,,,357.0,,,
111,"Целестодерм-В, 0.1%, мазь для наружного применения, 15 г, 1 шт.",,240.0,,241.0,,,
112,"Фенистил, 0.1%, гель для наружного применения, 50 г, 1 шт.",,997.0,,,,,
113,"Термикон, 1%, спрей для наружного применения, спрей противогрибковый, 15 г, 1 шт.",,,,438.0,,,
114,"Тавегил, 1 мг, таблетки, 20 шт.",393.0,372.0,,,,,
115,"Супрастинекс, 5 мг, таблетки, покрытые пленочной оболочкой, 14 шт.",619.0,,602.0,,,,
116,"Нафтадерм, 10%, линимент, 35 г, 1 шт.",,,,,,,
117,"Лактофильтрум, таблетки, сорбент + пребиотик, 30 шт.",,,,493.0,,,
118,"Дифлюкан, 50 мг, капсулы, 7 шт.",459.0,,,,,494.0,
119,"Дифлюкан, 150 мг, капсулы, 4 шт.",675.0,679.0,,,,,
120,"Диазолин, 50 мг, драже, 10 шт.",,,,,65.0,,
121,"Валвир, 1000 мг, таблетки, покрытые пленочной оболочкой, 7 шт.",,,1871.0,,,,
122,"Белодерм Экспресс, 0.05%, спрей для наружного применения, 20 мл, 1 шт.",,,534.0,,,,
123,"Ацикловир Сандоз (крем), 5%, крем для наружного применения, 5 г, 1 шт.",174.0,,,,174.0,,
124,"Ацикловир, 400 мг, таблетки, 20 шт.",262.0,,,,,,
125,"Гиоксизон, 1%+3%, мазь для наружного применения, 10 г, 1 шт.",,,,,,,
126,"Белодерм, 0.05%, мазь для наружного применения, 30 г, 1 шт.",,,,,190.0,,
127,"Белодерм, 0.05%, крем для наружного применения, 30 г, 1 шт.",,165.0,,,,,
128,"Белодерм, 0.05%, крем для наружного применения, 15 г, 1 шт.",92.0,,,,,,
129,"Скин-кап, 0.2%, аэрозоль для наружного применения, 70 г, 1 шт.",,,5748.0,,,,
130,"Кловейт, 0.05%, мазь для наружного применения, 25 г, 1 шт.",,,,607.0,,,
131,"Итразол, 100 мг, капсулы, 14 шт.",1182.0,998.0,,,,,
132,"Белогент, 0.5 мг/г+1 мг/г, крем для наружного применения, 30 г, 1 шт.",,,649.0,,,636.0,
133,"Ацикловир, 5%, крем для местного и наружного применения, 10 г, 1 шт.",,,53.0,,,,
134,"Нистатин, 100000 ЕД/г, мазь для наружного применения, 30 г, 1 шт.",,,,,,,
135,"Микозон, 2%, крем для наружного применения, 15 г, 1 шт.",,244.0,,,,,
136,"Экзифин, 250 мг, таблетки, 16 шт.",,,,938.0,,,
137,"Флуцинар, 0.025%, мазь для наружного применения, 15 г, 1 шт.",,,,,,,
138,"Фенистил, 0.1%, гель для наружного применения, 30 г, 1 шт.",,630.0,,,,,
139,"Тербинафин, 1%, крем для наружного применения, 30 г, 1 шт.",,,,,,,
140,"Микодерил, 1%, раствор для наружного применения, от грибка ногтей, 20 мл, 1 шт.",,,,,1095.0,,
141,"Микодерил, 1%, раствор для наружного применения, от грибка ногтей, 10 мл, 1 шт.",,,,,,646.0,
142,"Лордестин, 5 мг, таблетки, покрытые пленочной оболочкой, 10 шт.",,,,,,,
143,"Лоратадин-Тева, 10 мг, таблетки, 30 шт.",,,,,,281.0,
144,"Лоратадин-Тева, 10 мг, таблетки, 10 шт.",,152.0,,,,,
145,"Лоратадин, 10 мг, таблетки, 30 шт.",,,,,103.0,,
146,"Ламизил, 250 мг, таблетки, 14 шт.",,,,,,,
147,"Кларитин, 10 мг, таблетки, 30 шт.",,481.0,,,,,
148,"Валтрекс, 500 мг, таблетки, покрытые пленочной оболочкой, 42 шт.",,,,5136.0,,,
149,"Белосалик лосьон, раствор для наружного применения, 50 мл, 1 шт.",,,,,,,
150,"Белосалик, мазь для наружного применения, 40 г, 1 шт.",,,,,865.0,,
151,"Белосалик лосьон, раствор для наружного применения, 100 мл, 1 шт.",1199.0,1180.0,1237.0,,,1388.0,
152,"Белодерм, 0.05%, крем для наружного применения, 40 г, 1 шт.",,220.0,,,,,
153,"Белогент, мазь для наружного применения, 30 г, 1 шт.",,,,,,615.0,
154,"Белогент, мазь для наружного применения, 15 г, 1 шт.",,,,,,,
155,"Белогент, 0.5 мг/г+1 мг/г, крем для наружного применения, 15 г, 1 шт.",,,,,,,
156,"Адвантан, 0.1%, мазь для наружного применения, 50 г, 1 шт.",1576.0,,,,,,
157,"Фексофаст, 120 мг, таблетки, покрытые пленочной оболочкой, 10 шт.",,,,471.0,,,
158,"Фексофаст, 180 мг, таблетки, покрытые пленочной оболочкой, 10 шт.",,,,,,,
159,"Солу-Кортеф, 100 мг, лиофилизат для приготовления раствора для внутривенного и внутримышечного введения, в комплекте с растворителем, 2 мл, 1 шт.",,,,,118.0,,
160,"Галиум-Хель, капли для приема внутрь гомеопатические, 30 мл, 1 шт.",,,,,,,
161,"Бинафин, 1%, крем для наружного применения, 10 г, 1 шт.",,,,,,,
162,"Белодерм, 0.05%, мазь для наружного применения, 40 г, 1 шт.",,,,,,,
163,"Флуконазол, 150 мг, капсулы, 2 шт.",54.0,,,,,,
164,"Зовиракс, 200 мг, таблетки, 25 шт.",518.0,,,,,,
165,"Герпферон, мазь для местного и наружного применения, 5 г, 1 шт.",,,,,,,
166,"Ацикловир Белупо, 5%, крем для наружного применения, 5 г, 1 шт.",,65.0,,,,,
167,"Ацикловир Авексима, 200 мг, таблетки, 20 шт.",,,84.0,,84.0,84.0,
168,"Синафлан-Акрихин, 0.025%, мазь для наружного применения, 15 г, 1 шт.",,,172.0,172.0,172.0,,
169,"Гиоксизон, 10 мг+30 мг/г, мазь для наружного применения, 10 г, 1 шт.",107.0,90.0,,111.0,,83.0,90.0
170,"Комфодерм М2, 0.1%+2%, крем для наружного применения, 10 г, 1 шт.",,575.0,575.0,,575.0,542.0,575.0
171,"Кальция хлорид, 100 мг/мл, раствор для внутривенного введения, 5 мл, 10 шт.",109.0,,,103.0,112.0,48.0,48.0
172,"Салициловая кислота, 2%, раствор для наружного применения спиртовой, 40 мл, 1 шт.",,,17.0,,,,
173,"Тербинафин, 1%, крем для наружного применения, 15 г, 1 шт.",,,107.0,107.0,,73.0,
174,"Цинковая мазь, 10%, мазь для наружного применения, 30 г, 1 шт.",,,,,,55.0,55.0
175,"Супрастин, 25 мг, таблетки, 40 шт.",,,,,310.0,305.0,
176,"Тетрадерм, крем для наружного применения, 15 г, 1 шт.",,,932.0,,883.0,,
177,"Аллервэй, 5 мг, таблетки, покрытые пленочной оболочкой, 30 шт.",,649.0,,,,,
178,"Аллервэй, 5 мг, таблетки, покрытые пленочной оболочкой, 10 шт.",,437.0,,,438.0,,
179,"Никсар, 20 мг, таблетки, 10 шт.",,,,,784.0,743.0,
180,"Синафлан, 0.025%, мазь для наружного применения, 15 г, 1 шт.",,,,,,,
181,"Преднизолон, 5 мг, таблетки, 100 шт.",,179.0,,,,,
182,"Кетотифен Софарма, 1 мг, таблетки, 30 шт.",,,,205.0,,,
183,"Мометазон-Акрихин, 0.1%, крем для наружного применения, 15 г, 1 шт.",,93.0,,,,93.0,
184,"Цетиризин, 10 мг, таблетки, покрытые пленочной оболочкой, 20 шт.",,130.0,,,,,
185,"Тербинафин, 1%, крем для наружного применения, 15 г, 1 шт.",,,164.0,,,,
186,"Эспа-Бастин, 20 мг, таблетки, покрытые пленочной оболочкой, 10 шт.",621.0,,,,,,
187,"Эспа-Бастин, 10 мг, таблетки, покрытые пленочной оболочкой, 10 шт.",564.0,,,,,,
188,"Орунгамин, 100 мг, капсулы, 14 шт.",,,,,1120.0,,
189,"Эльцет, 5 мг, таблетки, покрытые пленочной оболочкой, 14 шт.",466.0,,,,,,
190,"Микодерил, 1%, крем для наружного применения, от грибка ногтей, 30 г, 1 шт.",,,908.0,,,,
191,"Редерм, мазь для наружного применения, 15 г, 1 шт.",,228.0,380.0,,310.0,,310.0
192,"Синафлан, 0.025%, линимент, 15 г, 1 шт.",,,,,,,
193,"Тербинафин, 1%, крем для наружного применения, 15 г, 1 шт.",,,,,235.0,,
194,"Гальманин, порошок для наружного применения, 2 г, 10 шт.",106.0,,,,,,
195,"Никсар, 20 мг, таблетки, 30 шт.",1648.0,,,,,,
196,"Флуконазол Сандоз, 150 мг, капсулы, 1 шт.",166.0,,,,,,
197,"Пирантел, 250 мг/5 мл, суспензия для перорального применения, 15 мл, 1 шт.",55.0,,,,,62.0,55.0
198,"Цинковая мазь, 10%, мазь для наружного применения, 30 г, 1 шт.",,118.0,,,,,
199,"Канизон плюс, крем для наружного применения, 15 г, 1 шт.",,720.0,,625.0,,,
200,"Клотримазол-Акос, 1%, мазь для наружного применения, 20 г, 1 шт.",235.0,212.0,,,,,
201,"Чистотела трава, сырье растительное измельченное, 20 шт.",,,,,,,
202,"Цинковая мазь, 10%, мазь для наружного применения, 25 г, 1 шт.",,,,56.0,,,
203,"Меновазин, раствор для наружного применения спиртовой, с насадкой-распылителем, 50 мл, 1 шт.",,,,,116.0,,
204,"Акридерм, 0.05%, крем для наружного применения, 15 г, 1 шт.",83.0,83.0,83.0,83.0,,83.0,83.0
205,"Бензилбензоат, 20%, мазь для наружного применения, 30 г, 1 шт.",,,,,,24.0,
206,"Эльцет, 5 мг, таблетки, покрытые пленочной оболочкой, 7 шт.",269.0,,,,,,
207,"Синафлан, 0.025%, мазь для наружного применения, 15 г, 1 шт.",,,,,,,
208,"Клотримазол, 1%, крем для наружного применения, 20 г, 1 шт.",255.0,,,,,,
209,"Кальция хлорид, 100 мг/мл, раствор для внутривенного введения, 10 мл, 10 шт.",,,,,,,
210,"Клотримазол, 1%, мазь для наружного применения, 15 г, 1 шт.",,90.0,,,,,
211,"Зодак, 10 мг/мл, капли для приема внутрь, 20 мл, 1 шт.",196.0,198.0,198.0,,198.0,198.0,211.0
212,"Зиртек, 10 мг/мл, капли для приема внутрь, 20 мл, 1 шт.",200.0,213.0,202.0,202.0,204.0,208.0,
213,"Ацикловир-Акрихин, 5%, мазь для наружного применения, 10 г, 1 шт.",,76.0,,76.0,,76.0,76.0
214,"Салицилово-цинковая паста, паста для наружного применения, 25 г, 1 шт.",,,53.0,,,,53.0
215,"Дифлюкан, 150 мг, капсулы, 1 шт.",,178.0,,,,178.0,
216,"Диазолин, 50 мг, драже, 10 шт.",,46.0,48.0,,,,
217,"Супрастин (для инъекций), 20 мг/мл, раствор для внутривенного и внутримышечного введения, 1 мл, 5 шт.",157.0,156.0,152.0,172.0,,,154.0
218,"Офломикол, 2%, раствор для наружного применения, 15 мл, 1 шт.",,877.0,915.0,922.0,867.0,,921.0
219,"Клотримазол-Акрихин, 1%, раствор для наружного применения, 15 мл, 1 шт.",,,455.0,455.0,,455.0,455.0
220,"Офломикол, 2%, крем для наружного применения, 20 г, 1 шт.",,915.0,867.0,877.0,,,877.0
221,"Диазолин, 100 мг, драже, 10 шт.",,,59.0,60.0,,,
222,"Лоратадин-Акрихин, 10 мг, таблетки, 10 шт.",,133.0,134.0,,134.0,,
223,"Дезал, 5 мг, таблетки, покрытые пленочной оболочкой, 10 шт.",,479.0,,,511.0,,
224,"Лактофильтрум, таблетки, сорбент + пребиотик, 60 шт.",,553.0,,,,,
225,"Адвантан, 0.1%, крем для наружного применения, 15 г, 1 шт.",,921.0,835.0,829.0,,,
226,"Троксевазин, 2%, гель для наружного применения, 100 г, 1 шт.",,,,805.0,,820.0,
227,"Тридерм, 0.05%+0.1%+1%, крем для наружного применения, 15 г, 1 шт.",,,1306.0,1276.0,,,
228,"Кандид, 1%, раствор для наружного применения, 20 мл, 1 шт.",,477.0,464.0,,,470.0,488.0
229,"Момейд, 0.1%, крем для наружного применения, 15 г, 1 шт.",,,100.0,,100.0,,97.0
230,"Скин-кап, 0.2%, аэрозоль для наружного применения, 35 г, 1 шт.",3354.0,3364.0,3668.0,3364.0,3674.0,2614.0,3364.0
231,"Псило-бальзам, гель для наружного применения, 20 г, 1 шт.",,471.0,,438.0,,,
232,"Ирунин, 100 мг, капсулы, 14 шт.",1531.0,1512.0,,,1527.0,,
233,"Зовиракс Дуо-Актив, 5% + 1%, крем для наружного применения, 2 г, 1 шт.",677.0,675.0,,,677.0,,
234,"Ирунин, 100 мг, капсулы, 28 шт.",,2465.0,3182.0,,,,
235,"Диметинден-Акрихин, 0.1%, гель для наружного применения, 30 г, 1 шт.",,,439.0,,,,
236,"Адвантан, 0.1%, эмульсия для наружного применения, 20 г, 1 шт.",,811.0,790.0,,754.0,,
237,"Аллервэй Экспресс, 5 мг, таблетки, диспергируемые в полости рта, 10 шт.",,555.0,552.0,,,,
238,"Лоратадин-Эко, 1 мг/мл, сироп, 100 мл, 1 шт.",,,149.0,143.0,,111.0,
239,"Кетотифен Реневал, 1 мг, таблетки, 30 шт.",174.0,,231.0,,,,
240,"Диметинден-Акрихин, 0.1%, гель для наружного применения, 50 г, 1 шт.",,,505.0,,,,
241,"Адвантан, 0.1%, мазь для наружного применения, 15 г, 1 шт.",,,,840.0,,,
242,"Фунгодерил, 1%, раствор для наружного применения, 15 мл, 1 шт.",,640.0,640.0,,,,
243,"Нафтодерил, 1%, раствор для наружного применения, 20 мл, 1 шт.",,,,,254.0,,
244,"Зиртек, 10 мг, таблетки, покрытые пленочной оболочкой, 30 шт.",,,,334.0,,340.0,
245,"Тетрадерм, крем для наружного применения, 30 г, 1 шт.",,1234.0,1344.0,,,,
246,"Нитрофунгин-Тева, 1%, раствор для наружного применения, 25 мл, 1 шт.",,595.0,,,,,
247,"Цинковая мазь, 10%, мазь для наружного применения, 30 г, 1 шт.",82.0,,,,,,
248,"Итразол, 100 мг, капсулы, 42 шт.",,1893.0,,,1809.0,,
249,"Флюкостат, 150 мг, капсулы, противогрибковое средство от молочницы, 2 шт.",335.0,,,,,,
250,"Белосалик лосьон, раствор для наружного применения, с насадкой-распылителем, 100 мл, 1 шт.",,,,,,,1243.0
251,"Ацикловир форте, 400 мг, таблетки, 20 шт.",287.0,264.0,,,,,
252,"Кестин, 20 мг, таблетки, покрытые оболочкой, 10 шт.",691.0,699.0,,693.0,690.0,686.0,875.0
253,"Лоринден A, мазь для наружного применения, 15 г, 1 шт.",,,678.0,,,,638.0
254,"Микозорал, 200 мг, таблетки, 30 шт.",,,,,,,654.0
255,"Ксизал, 5 мг, таблетки, покрытые пленочной оболочкой, 7 шт.",,466.0,497.0,,,,
256,"Цинковая паста, паста для наружного применения, 25 г, 1 шт.",125.0,,,,,,
257,"Дезал, 5 мг, таблетки, покрытые пленочной оболочкой, 30 шт.",776.0,,776.0,,,,
258,"Валвир, 500 мг, таблетки, покрытые пленочной оболочкой, 10 шт.",,,1580.0,,,,
259,"Кестин, 10 мг, таблетки, покрытые пленочной оболочкой, 5 шт.",426.0,,474.0,,,,
260,"Флуконазол Реневал, 50 мг, капсулы, 7 шт.",176.0,,162.0,,,,
261,"Цетиризин Реневал, 10 мг, таблетки, покрытые пленочной оболочкой, 20 шт.",,117.0,194.0,,,,
262,"Кальция хлорид, 100 мг/мл, раствор для внутривенного введения, 10 мл, 10 шт.",,,,,,,
263,"Левоцетиризин-Вертекс, 5 мг, таблетки, покрытые пленочной оболочкой, 30 шт.",,464.0,,,,,
264,"Флуконазол Реневал, 150 мг, капсулы, 1 шт.",134.0,,139.0,145.0,,,
265,"Фунгодерил, 1%, раствор для наружного применения, 25 мл, 1 шт.",,838.0,959.0,804.0,,,
266,"Дезлоратадин Велфарм, 5 мг, таблетки, покрытые пленочной оболочкой, 10 шт.",,,,,,,
267,"Мирокром, 100 мг, капсулы, 100 шт.",,,,5285.0,,,
268,"Целестодерм-В, 0.1%, мазь для наружного применения, 30 г, 1 шт.",375.0,347.0,379.0,,377.0,377.0,383.0
269,"Ацикловир Реневал, 400 мг, таблетки, 20 шт.",238.0,,,,,,
270,"Цинковая мазь, 10%, мазь для наружного применения, 25 г, 1 шт.",,,,,57.0,,
271,"Нафтодерил, 1%, крем для наружного применения, 30 г, 1 шт.",,,,,,,
272,"Микодерил, 1%, раствор для наружного применения, 30 мл, 1 шт.",,,,,,,
273,"Кетотифен Софарма, 1 мг/5 мл, сироп, 100 мл, 1 шт.",,,,,,,
274,"Валвир, 500 мг, таблетки, покрытые пленочной оболочкой, 42 шт.",,3699.0,,,,,
275,"Фенистил, 0.1%, эмульсия для наружного применения, 8 мл, 1 шт.",,,,,,,
276,"Гидрокортизон, 1%, мазь для наружного применения, 10 г, 1 шт.",,65.0,,,,,
277,"Фенистил, 0.1%, гель для наружного применения, 100 г, 1 шт.",,,,,,,
278,"Парлазин, 10 мг, таблетки, покрытые пленочной оболочкой, 5 шт.",,,,,,,
279,"Преднизолон (мазь), 0.5%, мазь для наружного применения, 15 г, 1 шт.",,,,,,,
280,"Троксерутин, 300 мг, капсулы, 30 шт.",,,,,,,
281,"Димедрол, 50 мг, таблетки, 10 шт.",,,,,,,
282,"Кларисенс, 1 мг/мл, сироп, 100 мл, 1 шт.",,,,,,,
283,"Ацикловир, 5%, мазь для наружного применения, 10 г, 1 шт.",,,,,,,
284,"Экзитер, 250 мг, таблетки, 42 шт.",,,,,,,
285,"Швеф-Хель, капли для приема внутрь гомеопатические, 30 мл, 1 шт.",,,,,,,
286,"Череды трава, сырье растительное измельченное, 50 г, 1 шт.",,,,,,,
287,"Цетиризин ДС, 10 мг, таблетки, покрытые пленочной оболочкой, 10 шт.",,,,,,,
288,"Белогент, 0.5 мг/г+1 мг/г, крем для наружного применения, 40 г, 1 шт.",,,,,,,
289,"Флуцинар Н, мазь для наружного применения, 15 г, 1 шт.",,,,,,,
290,"Парлазин, 10 мг/мл, капли для приема внутрь, 20 мл, 1 шт.",,,,,,,
291,"Орунгамин, 100 мг, капсулы, 15 шт.",,,,,,,
292,"Орунгал, 100 мг, капсулы, 14 шт.",,,,,,,
293,"Гельминтокс, 250 мг, таблетки, покрытые пленочной оболочкой, 3 шт.",,,,,,,
294,"Эриус, 0.5 мг/мл, сироп, 60 мл, 1 шт.",,,,,,,
295,"Элоком Лосьон, 0.1%, раствор для наружного применения, 30 мл, 1 шт.",,,,,,,
296,"Элоком, 0.1%, крем для наружного применения, 15 г, 1 шт.",,,,,,,
297,"Циндол, суспензия для наружного применения, 125 г, 1 шт.",,,,,,,
298,"Цетиризин-Тева, 10 мг, таблетки, покрытые пленочной оболочкой, 30 шт.",,,,,,,
299,"Цетиризин-Тева, 10 мг, таблетки, покрытые пленочной оболочкой, 20 шт.",,,,,,,
300,"Цетиризин-Тева, 10 мг, таблетки, покрытые пленочной оболочкой, 10 шт.",,,,,,,
301,"Цетиризин-Акрихин, 10 мг, таблетки, покрытые пленочной оболочкой, 7 шт.",,,,,,,
302,"Цетиризин-Акрихин, 10 мг, таблетки, покрытые пленочной оболочкой, 20 шт.",,,,,,,
303,"Фунготербин Нео, гель для наружного применения, 15 г, 1 шт.",,,,,,,
304,"Фунготербин, 1%, крем для наружного применения, 15 г, 1 шт.",,,,,,,
305,"Троксерутин ВетПром, 2%, гель для наружного применения, 40 г, 1 шт.",,,,,,,
306,"Травокорт, 1 мг+10 мг/г, крем для наружного применения, 15 г, 1 шт.",,,,,,,
307,"Тавегил, 1 мг, таблетки, 10 шт.",,,,,,,
308,"Сертамикол, 2%, крем для наружного применения, 20 г, 1 шт.",,,,,,,
309,"Сертамикол, 2%, раствор для наружного применения, 15 мл, 1 шт.",,,,,,,
310,"Серная мазь простая, мазь для наружного применения, 25 г, 1 шт.",,,,,,,
311,"Рупафин, 10 мг, таблетки, 7 шт.",,,,,,,
312,"Румикоз, 100 мг, капсулы, 6 шт.",,,,,,,
313,"Румикоз, 100 мг, капсулы, 15 шт.",,,,,,,
314,"Псориатен, мазь для наружного применения, 50 г, 1 шт.",,,,,,,
315,"Пимафуцин, 2%, крем для наружного применения, 30 г, 1 шт.",,,,,,,
316,"Пимафукорт, крем для наружного применения, 15 г, 1 шт.",,,,,,,
317,"Парлазин, 10 мг, таблетки, покрытые пленочной оболочкой, 30 шт.",,,,,,,
318,"Парлазин, 10 мг, таблетки, покрытые пленочной оболочкой, 10 шт.",,,,,,,
319,"Низорал, 2%, крем для наружного применения, 15 г, 1 шт.",,,,,,,
320,"Момат-С, 1 мг+50 мг/г, мазь для наружного применения, 15 г, 1 шт.",,,,,,,
321,"Момат, 0.1%, крем для наружного применения, 15 г, 1 шт.",,,,,,,
322,"Микоспор, 1%, раствор для наружного применения, 15 мл, 1 шт.",,,,,,,
323,"Микоспор, 1%, крем для наружного применения, 15 г, 1 шт.",,,,,,,
324,"Микосист, 150 мг, капсулы, 1 шт.",,,,,,,
325,"Микосептин, мазь для наружного применения, 30 г, 1 шт.",,,,,,,
326,"Микодерил, 1%, крем для наружного применения, от грибка ногтей, 15 г, 1 шт.",,,,,,,
327,"Лоратадин-Тева, 10 мг, таблетки, 7 шт.",,,,,,,
328,"Лоратадин, 10 мг, таблетки, 10 шт.",,,,,,,
329,"Лоратадин, 10 мг, таблетки, 10 шт.",,,,,,,
330,"Ломилан, 10 мг, таблетки, 7 шт.",,,,,,,
331,"Ломилан, 10 мг, таблетки, 10 шт.",,,,,,,
332,"Локоид крело, 0.1%, эмульсия для наружного применения, 30 г, 1 шт.",,,,,,,
333,"Локоид, 0.1%, крем для наружного применения, 30 г, 1 шт.",,,,,,,
334,"Левоцетиризин-Тева, 5 мг, таблетки, покрытые пленочной оболочкой, 14 шт.",,,,,,,
335,"Левоцетиризин-Тева, 5 мг, таблетки, покрытые пленочной оболочкой, 10 шт.",,,,,,,
336,"Ламизил Уно, 1%, раствор для наружного применения, пленкообразующий, 4 г, 1 шт.",,,,,,,
337,"Ламизил Дермгель, 1%, гель для наружного применения, 15 г, 1 шт.",,,,,,,
338,"Ламизил, 1%, крем для наружного применения, 30 г, 1 шт.",,,,,,,
339,"Ламизил, 1%, крем для наружного применения, 15 г, 1 шт.",,,,,,,
340,"Кларитин, 1 мг/мл, сироп, 60 мл, 1 шт.",,,,,,,
341,"Кармолис капли, капли для приема внутрь, 40 мл, 1 шт.",,,,,,,
342,"Ирунин, 100 мг, капсулы, 6 шт.",,,,,,,
343,"Зодак Экспресс, 5 мг, таблетки, покрытые пленочной оболочкой, 7 шт.",,,,,,,
344,"Зиртек, 10 мг/мл, капли для приема внутрь, 10 мл, 1 шт.",,,,,,,
345,"Зиртек, 10 мг, таблетки, покрытые пленочной оболочкой, 7 шт.",,,,,,,
346,"Дифлюкан, 150 мг, капсулы, 12 шт.",,,,,,,
347,"Валтрекс, 500 мг, таблетки, покрытые пленочной оболочкой, 10 шт.",,,,,,,
348,"Ацикловир-Акрихин, 5%, мазь для наружного применения, 5 г, 1 шт.",,,,,,,
349,"Афлодерм, 0.05%, крем для наружного применения, 40 г, 1 шт.",,,,,,,
350,"Афлодерм, 0.05%, мазь для наружного применения, 20 г, 1 шт.",,,,,,,
351,"Цетиризин, 10 мг, таблетки, покрытые пленочной оболочкой, 20 шт.",,,,,,,
352,"Цетиризин, 10 мг, таблетки, покрытые пленочной оболочкой, 10 шт.",,,,,,,
353,"Флуконазол-OBL, 150 мг, капсулы, 1 шт.",,,,,,,
354,"Дезлоратадин, 5 мг, таблетки, покрытые пленочной оболочкой, 10 шт.",,,,,,,
355,"Бинафин, 250 мг, таблетки, 14 шт.",,,,,,,
356,"Троксерутин Санофи, 300 мг, капсулы, 60 шт.",,,,,,,
357,"Чистотела трава, сырье растительное измельченное, 50 г, 1 шт.",,,,,,,
358,"Троксерутин Санофи, 300 мг, капсулы, 90 шт.",,,,,,,
359,"Экзитер, 1%, крем для наружного применения, 15 г, 1 шт.",,,,,,,
360,"Эзлор, 5 мг, таблетки, покрытые пленочной оболочкой, 10 шт.",,,,,,,
361,"Кутивейт, 0.05%, крем для наружного применения, 15 г, 1 шт.",,,,,,,
362,"Ирикар, мазь для наружного применения, 50 г, 1 шт.",,,,,,,
363,"Видестим, 0.5%, мазь для наружного применения, 10 г, 1 шт.",,,,,,,
364,"Валцикон, 500 мг, таблетки, покрытые пленочной оболочкой, 10 шт.",,,,,,,
365,"Вайрова, 500 мг, таблетки, покрытые пленочной оболочкой, 10 шт.",,,,,,,
366,"Алпизарин, 2%, мазь для местного и наружного применения, 10 г, 1 шт.",,,,,,,
367,"Алпизарин, 100 мг, таблетки, 20 шт.",,,,,,,
368,"Целестодерм-В с гарамицином, мазь для наружного применения, 15 г, 1 шт.",,,,,,,
369,"Кларидол, 1 мг/мл, сироп, 100 мл, 1 шт.",,,,,,,
370,"Бетадерм, 0.05%+0.1%, мазь для наружного применения, 15 г, 1 шт.",,,,,,,
371,"Белогент, мазь для наружного применения, 40 г, 1 шт.",,,,,,,
372,"Ацикловир Белупо, 400 мг, таблетки, покрытые пленочной оболочкой, 35 шт.",,,,,,,
373,"Элизей, 5 мг, таблетки, покрытые пленочной оболочкой, 30 шт.",,,,,,,
374,"Экзитер, 250 мг, таблетки, 14 шт.",,,,,,,
375,"Цикадерма, мазь для наружного применения гомеопатическая, 30 г, 1 шт.",,,,,,,
376,"Цетиризин Сандоз, 10 мг/мл, капли для приема внутрь, 20 мл, 1 шт.",,,,,,,
377,"Цетиризин Сандоз, 10 мг, таблетки, покрытые оболочкой, 10 шт.",,,,,,,
378,"Целестодерм-В с гарамицином, мазь для наружного применения, 30 г, 1 шт.",,,,,,,
379,"Целестодерм-В с гарамицином, крем для наружного применения, 15 г, 1 шт.",,,,,,,
380,"Целестодерм-В, 0.1%, крем для наружного применения, 15 г, 1 шт.",,,,,,,
381,"Фунготербин Нео, крем для наружного применения, 15 г, 1 шт.",,,,,,,
382,"Фунготербин, 1%, спрей для наружного применения, 30 мл, 1 шт.",,,,,,,
383,"Травоген, 1%, крем для наружного применения, 20 г, 1 шт.",,,,,,,
384,"Супироцин-Б, мазь для наружного применения, 15 г, 1 шт.",,,,,,,
385,"Рупафин, 10 мг, таблетки, 14 шт.",,,,,,,
386,"Псорилом, гранулы гомеопатические, 30 г, 1 шт.",,,,,,,
387,"Микосист, 150 мг, капсулы, 2 шт.",,,,,,,
388,"Шиповника масло, масло для приема внутрь и местного применения, 50 мл, 1 шт.",,,,,,,
389,"Лордестин, 5 мг, таблетки, покрытые пленочной оболочкой, 30 шт.",,,,,,,
390,"Лоратадин-Акрихин, 5 мг/5 мл, сироп, 100 мл, 1 шт.",,,,,,,
391,"Кларисенс, 10 мг, таблетки, 30 шт.",,,,,,,
392,"Кларисенс, 10 мг, таблетки, 10 шт.",,,,,,,
393,"Кармолис капли, капли для приема внутрь, 80 мл, 1 шт.",,,,,,,
394,"Кармолис капли, капли для приема внутрь, 20 мл, 1 шт.",,,,,,,
395,"Ирунин, 100 мг, капсулы, 10 шт.",,,,,,,
396,"Зодак Экспресс, 5 мг, таблетки, покрытые пленочной оболочкой, 28 шт.",,,,,,,
397,"Драполен, крем для наружного применения, 55 г, 1 шт.",,,,,,,
398,"Дифлазон, 150 мг, капсулы, 1 шт.",,,,,,,
399,"Гленцет, 5 мг, таблетки, покрытые пленочной оболочкой, 7 шт.",,,,,,,
400,"Гленцет, 5 мг, таблетки, покрытые пленочной оболочкой, 14 шт.",,,,,,,
401,"Гленцет, 5 мг, таблетки, покрытые пленочной оболочкой, 10 шт.",,,,,,,
402,"Гистафен, 50 мг, таблетки, 20 шт.",,,,,,,
403,"Белосалик, мазь для наружного применения, 30 г, 1 шт.",,,,,,,
404,"Батрафен, 1%, крем для наружного применения, 15 г, 1 шт.",,,,,,,
405,"Афлодерм, 0.05%, мазь для наружного применения, 40 г, 1 шт.",,,,,,,
406,"Афлодерм, 0.05%, крем для наружного применения, 20 г, 1 шт.",,,,,,,
407,"Аллегра, 180 мг, таблетки, покрытые пленочной оболочкой, 10 шт.",,,,,,,
408,"Эдас-910 Чистел , гранулы гомеопатические, 20 г, 1 шт.",,,,,,,
409,"Циндол, 12.5%, суспензия для наружного применения, 125 г, 1 шт.",,,,,,,
410,"Диазолин, 100 мг, драже, 20 шт.",,,,,,,
411,"Кетотифен, 1 мг, таблетки, 30 шт.",,,,,,,
412,"Фри-ал, 5 мг, таблетки, покрытые оболочкой, 20 шт.",,,,,,,
413,"Фри-ал, 5 мг, таблетки, покрытые оболочкой, 10 шт.",,,,,,,
414,"Итраконазол, 100 мг, капсулы, 14 шт.",,,,,,,
415,"Фри-ал, 5 мг, таблетки, покрытые оболочкой, 30 шт.",,,,,,,
416,"Лоратадин, 10 мг, таблетки, 10 шт.",,,,,,,
417,"Бетаметазон, 0.05%, крем, 30 г, 1 шт.",,,,,,,
418,"Цетиризин, 10 мг, таблетки, покрытые пленочной оболочкой, 20 шт.",,,,,,,
419,"Лоратадин, 10 мг, таблетки, 10 шт.",,,,,,,
420,"Цетиризин, 10 мг/мл, капли для приема внутрь, 20 мл, 1 шт.",,,,,,,
421,"Синафлан, 0.025%, мазь для наружного применения, 10 г, 1 шт.",,,,,,,
422,"Кларидол, 10 мг, таблетки, 10 шт.",,,,,,,
423,"Салициловая мазь, 2%, мазь для наружного применения, 25 г, 1 шт.",,,,,,,
424,"Флуконазол, 150 мг, капсулы, 4 шт.",,,,,,,
425,"Фексофенадин-Акрихин, 180 мг, 10 шт.",,,,,,,
426,"Фексофенадин-Акрихин, 120 мг, 10 шт.",,,,,,,
427,"Синафлан, 0.025%, мазь для наружного применения, 15 г, 1 шт.",,,,,,,
428,"Череды трава, сырье растительное-порошок, 1.5 г, 20 шт.",,,,,,,
429,"Этаперазин, 4 мг, таблетки, покрытые оболочкой, 50 шт.",,,,,,,
430,"Экзифин, 1%, гель для наружного применения, 15 г, 1 шт.",,,,,,,
431,"Авекорт, 0.1%, мазь для наружного применения, 15 г, 1 шт.",,,,,,,
432,"Этаперазин, 10 мг, таблетки, покрытые оболочкой, 50 шт.",,,,,,,
433,"Синафлан, 0.025%, мазь для наружного применения, 10 г, 1 шт.",,,,,,,
434,"Флуконазол, 150 мг, капсулы, 1 шт.",,,,,,,
435,"Ацикловир, 5%, мазь для наружного применения, 5 г, 1 шт.",,,,,,,
436,"Ацикловир, 5%, мазь для наружного применения, 10 г, 1 шт.",,,,,,,
437,"Алерсэт-Л, 5 мг, таблетки, покрытые пленочной оболочкой, 20 шт.",,,,,,,
438,"Алерсэт-Л, 5 мг, таблетки, покрытые пленочной оболочкой, 10 шт.",,,,,,,
439,"Элизей, 0.5 мг/мл, сироп, 100 мл, 1 шт.",,,,,,,
440,"Дезлоратадин Канон, 5 мг, таблетки, покрытые пленочной оболочкой, 10 шт.",,,,,,,
441,"Бетаспан Депо, 7 мг/мл, суспензия для инъекций, 1 мл, 5 шт.",,,,,,,
442,"Ацикловир, 5%, мазь для местного и наружного применения, 10 г, 1 шт.",,,,,,,
443,"Синафлан, 0.025%, мазь для наружного применения, 10 г, 1 шт.",,,,,,,
444,"Димедрол (для инъекций), 10 мг/мл, раствор для внутривенного и внутримышечного введения, 1 мл, 10 шт.",,,,,,,
445,"Бензилбензоат, 20%, мазь для наружного применения, 25 г, 1 шт.",,,,,,,
446,"Пирантел, 250 мг/5 мл, суспензия для приема внутрь, 15 мл, 1 шт.",,,,,,,
447,"Бензилбензоат, 20%, эмульсия для наружного применения, 200 г, 1 шт.",,,,,,,
448,"Орунит, 100 мг, капсулы, 15 шт.",,,,,,,
449,"Димедрол (для инъекций), 10 мг/мл, раствор для внутривенного и внутримышечного введения, 1 мл, 10 шт.",,,,,,,
450,"Белогент, 0.5 мг/г+1 мг/г, крем для наружного применения, 5 г, 1 шт.",,,,,,,
451,"Тербинафин-МФФ, 1%, мазь для наружного применения, 15 г, 1 шт.",,,,,,,
452,"Цетиризин, 10 мг, таблетки, покрытые пленочной оболочкой, 30 шт.",,,,,,,
453,"Ацикловир, 200 мг, таблетки, 20 шт.",,,,,,,
454,"Экзитер, 1%, крем для наружного применения, комбиупаковка 1+1, 15 г, 1 шт.",,,,,,,
455,"Ломилан, 5 мг/5 мл, суспензия для приема внутрь, 120 мл, 1 шт.",,,,,,,
456,"Канизон, 1%, крем для наружного применения, 20 г, 1 шт.",,,,,,,
457,"Гистан-Н, 0.1%, крем для наружного применения, 15 г, 1 шт.",,,,,,,
458,"Тавегил (для инъекций), 1 мг/мл, раствор для внутривенного и внутримышечного введения, 2 мл, 5 шт.",,,,,,,
459,"Спрегаль, аэрозоль для наружного применения, 152 г, 1 шт.",,,,,,,
460,"Пирантел, 250 мг, таблетки, 3 шт.",,,,,,,
461,"Левоцетиризин-Тева, 5 мг, таблетки, покрытые пленочной оболочкой, 7 шт.",,,,,,,
462,"Клотримазол, 1%, крем для наружного применения, 20 г, 1 шт.",,,,,,,
463,"Бифосин, 1%, крем для наружного применения, 30 г, 1 шт.",,,,,,,
464,"Кларитин, 1 мг/мл, сироп, 120 мл, 1 шт.",,,,,,,
465,"Виролекс, 200 мг, таблетки, 20 шт.",,,,,,,
466,"Флуконазол Штада, 150 мг, капсулы, 1 шт.",,,,,,,
467,"Кларидол, 10 мг, таблетки, 7 шт.",,,,,,,
468,"Ирикар, крем для наружного применения, 50 г, 1 шт.",,,,,,,
469,"Лордестин, 0.5 мг/мл, сироп, 60 мл, 1 шт.",,,,,,,
470,"Гиоксизон, 10 мг+30 мг/г, мазь для местного и наружного применения, 10 г, 1 шт.",,,,,,,
471,"Бифосин, 1%, спрей для наружного применения, 20 мл, 1 шт.",,,,,,,
472,"Ацикловир, 200 мг, таблетки, 20 шт.",,,,,,,
473,"Экзодерил, 1%, крем для наружного применения, 15 г, 2 шт.",,,,,,,
474,"Диазолин, 50 мг, драже, 10 шт.",,,,,,,
475,"Итраконазол-ратиофарм, 100 мг, капсулы, 15 шт.",,,,,,,
476,"Ацикловир, 5%, крем для наружного применения, 5 г, 1 шт.",,,,,,,
477,"Тербикс, 1%, крем, 10 г, 1 шт.",,,,,,,
478,"Кутивейт, 0.005%, мазь для наружного применения, 15 г, 1 шт.",,,,,,,
479,"Пирантел, 250 мг, таблетки, 3 шт.",,,,,,,
480,"Дифлазон, 50 мг, капсулы, 7 шт.",,,,,,,
481,"Сенсинор, 10 мг, таблетки, покрытые пленочной оболочкой, 20 шт.",,,,,,,
482,"Сенсинор, 10 мг, таблетки, покрытые пленочной оболочкой, 30 шт.",,,,,,,
483,"Хлоропирамин, 20 мг/мл, раствор для внутривенного и внутримышечного введения, 1 мл, 10 шт.",,,,,,,
484,"Лоратавел, 10 мг, таблетки, 30 шт.",,,,,,,
485,"Лоратавел, 10 мг, таблетки, 10 шт.",,,,,,,
486,"Цетиризин-АКОС, 10 мг, таблетки, покрытые пленочной оболочкой, 30 шт.",,,,,,,
487,"Флуконазол Реневал, 150 мг, капсулы, 2 шт.",,,,,,,
488,"Суприламин, 25 мг, таблетки, 20 шт.",,,,,,,
489,"Кларитин, 10 мг, таблетки, 14 шт.",,,,,,,
490,"Бексист, 180 мг, таблетки, покрытые пленочной оболочкой, 20 шт.",,,,,,,
491,"Эриус, 5 мг, таблетки, покрытые пленочной оболочкой, 20 шт.",,,,,,,
492,"Левоцетиризин-Вертекс, 5 мг, таблетки, покрытые пленочной оболочкой, 10 шт.",,,,,,,
493,"Цетиризин Реневал, 10 мг, таблетки, покрытые пленочной оболочкой, 30 шт.",,,,,,,
494,"Синафлан, 0.025%, мазь для наружного применения, 15 г, 1 шт.",,,,,,,
495,"Меновазин, раствор для наружного применения спиртовой, 40 мл, 1 шт.",,,,,,,
496,"Тербинафин-МФФ, 1%, крем, 15 г, 1 шт.",,,,,,,
497,"Левоцетиризин, 5 мг, таблетки, покрытые пленочной оболочкой, 14 шт.",,,,,,,
498,"Нафтифин, 1%, крем для наружного применения, 15 г, 1 шт.",,,,,,,
499,"Меновазин, раствор для наружного применения спиртовой, 40 мл, 1 шт.",,,,,,,
500,"Гидрокортизон, 1%, мазь для наружного применения, 15 г, 1 шт.",,,,,,,
501,"Микосист, 100 мг, капсулы, 28 шт.",,,,,,,
502,"Канизон, 1%, раствор для наружного применения, 20 мл, 1 шт.",,,,,,,
503,"Цетиризин, 10 мг, таблетки, покрытые пленочной оболочкой, 30 шт.",,,,,,,
504,"Мирокром, 100 мг, капсулы, 20 шт.",,,,,,,
505,"Тербинафин Канон, 1%, гель для наружного применения, 15 г, 1 шт.",,,,,,,
506,"Цетиризин, 10 мг/мл, раствор для приема внутрь, 20 мл, 1 шт.",,,,,,,
507,"Флуконазол, 2 мг/мл, раствор для инфузий, 100 мл, 1 шт.",,,,,,,
508,"Цетиризин-АКОС, 10 мг, таблетки, покрытые пленочной оболочкой, 10 шт.",,,,,,,
509,"Цетиризин, 10 мг/мл, раствор для приема внутрь, 10 мл, 1 шт.",,,,,,,
510,"Меновазин, раствор для наружного применения спиртовой, 50 мл, 1 шт.",,,,,,,
511,"Нитрофунгин-Тева, 1%, раствор для наружного применения спиртовой, промоупаковка, 25 мл, 3 шт.",,,,,,,
512,"Редерм, мазь для наружного применения, 30 г, 1 шт.",,,,,,,
513,"Герперакс, 5%, мазь для наружного применения, 5 г, 1 шт.",,,,,,,
514,"Флуконазол, 150 мг, капсулы, 1 шт.",,,,,,,
515,"Димедрол (для инъекций), 10 мг/мл, раствор для внутримышечного введения, 1 мл, 10 шт.",,,,,,,
516,"Бензилбензоата мазь, 20%, мазь для наружного применения, 25 г, 1 шт.",,,,,,,
517,"Лоратадин, 10 мг, таблетки, 10 шт.",,,,,,,
518,"Лоратадин, 10 мг, таблетки, 30 шт.",,,,,,,
519,"Налориус, 5 мг, таблетки, покрытые пленочной оболочкой, 10 шт.",,,,,,,
520,"Хлоропирамин, 25 мг, таблетки, 20 шт.",,,,,,,
521,"Димедрол (для инъекций), 10 мг/мл, раствор для внутривенного и внутримышечного введения, 1 мл, 10 шт.",,,,,,,
522,"Эзлор Солюшн Таблетс, 2.5 мг, таблетки диспергируемые, 10 шт.",,,,,,,
523,"Цетиризин-АКОС, 10 мг, таблетки, покрытые пленочной оболочкой, 20 шт.",,,,,,,
524,"Нафтифин, 1%, раствор для наружного применения, 10 мл, 1 шт.",,,,,,,
525,"Дипроспан, 7 мг/мл (2 мг+5 мг/мл), суспензия для инъекций, 1 мл, 5 шт.",,,,,,,
526,"Дипромета, 7 мг/мл (2 мг+5 мг/мл), суспензия для инъекций, шприц в комплекте с иглой, 1 мл, 1 шт.",,,,,,,
527,"Салициловая кислота, 2%, раствор для наружного применения спиртовой, 40 мл, 1 шт.",,,,,,,
528,"Лоратадин-OBL, 10 мг, таблетки, 10 шт.",,,,,,,
529,"Лоратадин, 10 мг, таблетки, 30 шт.",,,,,,,
530,"Ацикловир Реневал, 200 мг, таблетки, 20 шт.",,,,,,,
531,"Итраконазол, 100 мг, капсулы, 42 шт.",,,,,,,
532,"Элидел, 1%, крем для наружного применения, 100 г, 1 шт.",,,,,,,
533,"Флуконазол-OBL, 150 мг, капсулы, 4 шт.",,,,,,,
534,"Эко-тербин, 1%, спрей для местного применения, 30 мл, 1 шт.",,,,,,,
535,"Цетиризин-OBL, 10 мг, таблетки, покрытые пленочной оболочкой, 10 шт.",,,,,,,
536,"Цетиризин-OBL, 10 мг, таблетки, покрытые пленочной оболочкой, 20 шт.",,,,,,,
537,"Микодерил, 1%, спрей для наружного применения, 40 мл, 1 шт.",,,,,,,
538,"Теоритин МФ, 4 мг, таблетки, 10 шт.",,,,,,,
539,"Акристил, 1 мг/мл, капли для приема внутрь, 20 мл, 1 шт.",,,,,,,
540,"Апис комп, капли гомеопатические, 25 мл, 1 шт.",,,,,,,
541,"Клотримазол, 1%, мазь для наружного применения, 20 г, 1 шт.",,,,,,,
542,"Ацикловир, 5%, крем для наружного применения, 5 г, 1 шт.",,,,,,,
543,"Пирантел, 250 мг, таблетки, 3 шт.",,,,,,,
544,"Лоратадин, 10 мг, таблетки, 10 шт.",,,,,,,
545,"Нафтодерил, 1%, раствор для наружного применения, 10 мл, 1 шт.",,,,,,,
546,"Нафтодерил, 1%, крем для наружного применения, 15 г, 1 шт.",,,,,,,
547,"Фенивейт, 0.05%, крем, 15 г, 1 шт.",,,,,,,
548,"Фенивейт, 0.005%, мазь, 15 г, 1 шт.",,,,,,,
549,"Циндол, суспензия для наружного применения, 125 г, 1 шт.",,,,,,,
550,"Стафизагриа С15, гранулы гомеопатические, 4 г, 1 шт.",,,,,,,
551,"Меновазин, раствор для наружного применения спиртовой, 40 мл, 1 шт.",,,,,,,
552,"Лоратадин, 5 мг/5 мл, сироп, 100 мл, 1 шт.",,,,,,,
553,"Лоратадин, 10 мг, таблетки, 30 шт.",,,,,,,
554,"Лоратадин, 10 мг, таблетки, 10 шт.",,,,,,,
555,"Меновазин, раствор для наружного применения спиртовой, 40 мл, 1 шт.",,,,,,,
556,"Ламифунгин, 1%, гель для наружного применения, 15 г, 1 шт.",,,,,,,
557,"Гальманин, порошок для наружного применения, 2 г, 10 шт.",,,,,,,
558,"Бетаметазон, 0.05%, мазь для наружного применения, 30 г, 1 шт.",,,,,,,
559,"Димедрол (для инъекций), 10 мг/мл, раствор для внутривенного и внутримышечного введения, 1 мл, 10 шт.",,,,,,,
560,"Дезлоратадин, 5 мг, таблетки, покрытые пленочной оболочкой, 10 шт.",,,,,,,
561,"Левоцетиризин, 5 мг, таблетки, покрытые пленочной оболочкой, 30 шт.",,,,,,,
562,"Флуконазол-OBL, 150 мг, капсулы, 2 шт.",,,,,,,
563,"Ацикловир, 5%, крем для наружного применения, 2 г, 1 шт.",,,,,,,
564,"Кальция хлорид, 100 мг/мл, раствор для внутривенного введения, 10 мл, 10 шт.",,,,,,,
565,"Лоратадин Штада, 10 мг, таблетки, 10 шт.",,,,,,,
566,"Лоратадин, 10 мг, таблетки, 30 шт.",,,,,,,
567,"Валцикон, 500 мг, таблетки, покрытые пленочной оболочкой, 42 шт.",,,,,,,
568,"Лоратадин, 10 мг, таблетки, 30 шт.",,,,,,,
569,"Череды трава, сырье растительное-порошок, 1.5 г, 20 шт.",,,,,,,
570,"Локоид Липокрем, 0.1%, крем для наружного применения, 30 г, 1 шт.",,,,,,,
571,"Ацикловир, 5%, мазь для местного и наружного применения, 5 г, 1 шт.",,,,,,,
572,"Серная мазь простая, мазь для наружного применения, 25 г, 1 шт.",,,,,,,
573,"Деситин, 40%, мазь для наружного применения, 57 г, 1 шт.",,,,,,,
574,"Момат, 0.1%, мазь для наружного применения, 15 г, 1 шт.",,,,,,,
575,"Циклоферон, 5%, линимент, 5 мл, 1 шт.",,,,,,,
576,"Салицилово-цинковая паста, паста для наружного применения, 25 г, 1 шт.",,,,,,,
577,"Лоринден С, мазь для наружного применения, 15 г, 1 шт.",,,,,,,
578,"Алпизарин, 5%, мазь для местного и наружного применения, 10 г, 1 шт.",,,,,,,
579,"Апилак Гриндекс (мазь), 10 мг/г, мазь для наружного применения, 50 г, 1 шт.",,,,,,,
580,"Локоид, 0.1%, мазь для наружного применения, 30 г, 1 шт.",,,,,,,
581,"Ламизил, 1%, спрей для наружного применения, 30 мл, 1 шт.",,,,,,,
582,"Пимафукорт, мазь для наружного применения, 15 г, 1 шт.",,,,,,,
583,"Тербизил, 1%, крем для наружного применения, 15 г, 1 шт.",,,,,,,
584,"Диазолин, 50 мг, таблетки, 10 шт.",,,,,,,
585,"Гельминтокс, 125 мг/2.5 мл, суспензия для приема внутрь, 15 мл, 1 шт.",,,,,,,
586,"Медифокс, 5%, концентрат для эмульсии для наружного применения, 24 мл, 1 шт.",,,,,,,
587,"Меновазин, раствор для наружного применения спиртовой, 40 мл, 1 шт.",,,,,,,
588,"Салициловая кислота, 2%, раствор для наружного применения спиртовой, 40 мл, 1 шт.",,,,,,,
589,"Меновазин, раствор для наружного применения спиртовой, 40 мл, 1 шт.",,,,,,,
590,"Цинковая паста, паста для наружного применения, 25 г, 1 шт.",,,,,,,
591,"Гидрокортизон, 1%, мазь для наружного применения, 10 г, 1 шт.",,,,,,,
592,"Тербинафин, 1%, спрей для наружного применения, 20 г, 1 шт.",,,,,,,
593,"Ацикловир Белупо, 5%, крем для наружного применения, 10 г, 1 шт.",,,,,,,
594,"ЛораГексал, 10 мг, таблетки, 10 шт.",,,,,,,
595,"Элоком, 0.1%, мазь для наружного применения, 15 г, 1 шт.",,,,,,,
596,"Цинковая мазь, 10%, мазь для наружного применения, 25 г, 1 шт.",,,,,,,
597,"Преднизолон (мазь), 0.5%, мазь для наружного применения, 15 г, 1 шт.",,,,,,,
